Category: All categories,
"Bitcoin: (1/1/12 - 11/28/17, Worldwide)",
,
TOP,
bitcoin,100
btc,20
bitcoin price,14
bitcoins,11
btc usd,5
bitcoin mining,5
usd to btc,5
bitcoin usd,4
bit,4
buy bitcoin,3
биткоин,3
bitcoin wallet,3
bitcoin to usd,3
bitcoin value,3
ビット コイン,3
bit coin,3
what is bitcoin,2
1 btc,2
1 bitcoin,2
free bitcoin,2
bitcoin news,2
bitcoin exchange,2
bitcoin miner,2
ethereum,2
bitcoin cash,2
,
RISING,
ethereum,Breakout
litecoin,Breakout
bitcoin blockchain,Breakout
btc to inr,Breakout
ethereum price,Breakout
比特 幣,Breakout
koers bitcoin,Breakout
курс биткоина,Breakout
dogecoin,Breakout
bitcoin to inr,Breakout
курс биткоин,Breakout
bitcoin cash price,Breakout
bitcoin investment,Breakout
btc to aud,Breakout
1 btc to inr,Breakout
btc to cad,Breakout
bitcoin price today,Breakout
bittrex,Breakout
bitstamp,Breakout
bitcoin in inr,Breakout
poloniex,Breakout
bitcoin hoje,Breakout
bitcoin to aud,Breakout
btc to php,Breakout
freebitcoin,Breakout